FundamentalTime,FundamentalValue
2019-06-28 09:30:00.000000000,100000.0
2019-06-28 09:30:00.000000001,100000.0
2019-06-28 09:30:00.000000002,100000.0
2019-06-28 09:30:00.000000005,100000.0
2019-06-28 09:30:00.000000006,100000.0
2019-06-28 09:30:00.000000007,100000.0
2019-06-28 09:30:00.000000009,100000.0
2019-06-28 09:30:00.000000010,100000.0
2019-06-28 09:30:00.000000011,100000.0
2019-06-28 09:30:00.000000012,100000.0
2019-06-28 09:30:00.000000013,100000.0
2019-06-28 09:30:00.000000017,100000.0
2019-06-28 09:30:00.000000018,100000.0
2019-06-28 09:30:00.000000023,100000.0
2019-06-28 09:30:00.000000025,100000.0
2019-06-28 09:30:00.000000026,100000.0
2019-06-28 09:30:00.000000027,100000.0
2019-06-28 09:30:00.000000029,100000.0
2019-06-28 09:30:00.000000030,100000.0
2019-06-28 09:30:00.000000033,100000.0
2019-06-28 09:30:00.000000035,100000.0
2019-06-28 09:30:00.000000036,100000.0
2019-06-28 09:30:00.000000037,100000.0
2019-06-28 09:30:00.000000038,100000.0
2019-06-28 09:30:00.000000045,100000.0
2019-06-28 09:30:00.000000046,100000.0
2019-06-28 09:30:00.000000047,100000.0
2019-06-28 09:30:00.000000048,100000.0
2019-06-28 09:30:00.000000050,100000.0
2019-06-28 09:30:00.000000051,100000.0
2019-06-28 09:30:00.000000053,100000.0
2019-06-28 09:30:00.000000057,100000.0
2019-06-28 09:30:00.000000059,100000.0
2019-06-28 09:30:00.000000062,100000.0
2019-06-28 09:30:00.000000064,100000.0
2019-06-28 09:30:00.000000066,100000.0
2019-06-28 09:30:00.000000067,100000.0
2019-06-28 09:30:00.000000068,100000.0
2019-06-28 09:30:00.000000069,100000.0
2019-06-28 09:30:00.000000070,100000.0
2019-06-28 09:30:00.000000072,100000.0
2019-06-28 09:30:00.000000075,100000.0
2019-06-28 09:30:00.000000080,100000.0
2019-06-28 09:30:00.000000082,100000.0
2019-06-28 09:30:00.000000086,100000.0
2019-06-28 09:30:00.000000087,100000.0
2019-06-28 09:30:00.000000092,100000.0
2019-06-28 09:30:00.000000093,100000.0
2019-06-28 09:30:00.000000095,100000.0
2019-06-28 09:30:00.000000097,100000.0
2019-06-28 09:30:03.794335000,100055.0
2019-06-28 09:30:13.848265083,100058.0
2019-06-28 09:30:19.204328903,100035.0
2019-06-28 09:30:22.238473082,100086.0
2019-06-28 09:30:34.806571758,99867.0
2019-06-28 09:30:53.239311343,99825.0
2019-06-28 09:30:54.249312233,99813.0
2019-06-28 09:30:56.342918914,99780.0
2019-06-28 09:31:22.772484220,99583.0
2019-06-28 09:31:25.690472762,99577.0
2019-06-28 09:31:59.258920752,99624.0
2019-06-28 09:32:14.676886022,99626.0
2019-06-28 09:32:18.101598891,99618.0
2019-06-28 09:32:35.615310645,99728.0
2019-06-28 09:32:39.433282443,99750.0
2019-06-28 09:33:36.302543263,99910.0
2019-06-28 09:33:53.920275069,99793.0
2019-06-28 09:33:56.020823155,99779.0
2019-06-28 09:34:00.718872339,99724.0
2019-06-28 09:34:09.984280641,99719.0
2019-06-28 09:34:16.382187896,99712.0
2019-06-28 09:34:25.768011389,99692.0
2019-06-28 09:34:35.929503116,99690.0
2019-06-28 09:34:48.828563235,99751.0
2019-06-28 09:35:07.792462695,99741.0
2019-06-28 09:35:11.119753278,99708.0
2019-06-28 09:36:18.374247474,100398.0
2019-06-28 09:36:22.792899823,100424.0
2019-06-28 09:36:25.709022672,100453.0
2019-06-28 09:36:49.625687217,99901.0
2019-06-28 09:37:13.330526767,100029.0
2019-06-28 09:37:16.075080849,100022.0
2019-06-28 09:37:28.506306467,99799.0
2019-06-28 09:37:37.913458333,99945.0
2019-06-28 09:37:39.379702608,99942.0
2019-06-28 09:38:05.725891189,100254.0
2019-06-28 09:38:32.081145661,100191.0
2019-06-28 09:39:02.424929332,99714.0
2019-06-28 09:39:03.846348030,99688.0
2019-06-28 09:39:27.884630908,99962.0
2019-06-28 09:39:47.080215076,100278.0
2019-06-28 09:39:47.801037273,100278.0
2019-06-28 09:39:58.688145017,100280.0
2019-06-28 09:40:20.949691357,100250.0
2019-06-28 09:40:39.192168336,100413.0
2019-06-28 09:40:40.851582546,100391.0
2019-06-28 09:40:44.901671444,100340.0
2019-06-28 09:40:54.992645485,100375.0
2019-06-28 09:40:55.440663296,100374.0
2019-06-28 09:41:23.003791057,99960.0
2019-06-28 09:42:09.154132698,99286.0
2019-06-28 09:42:18.485342743,99280.0
2019-06-28 09:42:21.830792522,99290.0
2019-06-28 09:42:31.336545247,99331.0
2019-06-28 09:42:38.725498932,99354.0
2019-06-28 09:42:48.104947676,99375.0
2019-06-28 09:42:56.157903731,99311.0
2019-06-28 09:43:04.711961532,99246.0
2019-06-28 09:43:31.458684782,99126.0
2019-06-28 09:43:37.203175478,99093.0
2019-06-28 09:43:48.721143626,99029.0
2019-06-28 09:43:53.758884287,99019.0
2019-06-28 09:44:07.168498267,99066.0
2019-06-28 09:44:13.900140655,99119.0
2019-06-28 09:44:52.501895733,99703.0
2019-06-28 09:45:01.158311636,99707.0
2019-06-28 09:45:04.740080788,99731.0
2019-06-28 09:45:06.921727603,99728.0
2019-06-28 09:45:18.220660139,99783.0
2019-06-28 09:45:24.802697445,99717.0
2019-06-28 09:45:52.699100727,99727.0
2019-06-28 09:47:12.123944894,99026.0
2019-06-28 09:48:07.320075346,98705.0
2019-06-28 09:48:17.810318932,98699.0
2019-06-28 09:49:11.051777984,97660.0
2019-06-28 09:49:23.188000706,97721.0
2019-06-28 09:50:03.774322155,97546.0
2019-06-28 09:50:29.991373455,97622.0
2019-06-28 09:50:35.181458629,97607.0
2019-06-28 09:50:43.075150159,97566.0
2019-06-28 09:50:44.007288367,97557.0
2019-06-28 09:50:56.380050427,97684.0
2019-06-28 09:51:04.456395627,97658.0
2019-06-28 09:51:07.573732406,97721.0
2019-06-28 09:51:26.591653476,97392.0
2019-06-28 09:51:59.617566805,97866.0
2019-06-28 09:52:01.934691525,97886.0
2019-06-28 09:52:16.617954921,97732.0
2019-06-28 09:52:28.957214140,97779.0
2019-06-28 09:52:44.377184026,97938.0
2019-06-28 09:52:49.047009727,97946.0
2019-06-28 09:53:03.849946231,98056.0
2019-06-28 09:53:08.535495068,98123.0
2019-06-28 09:53:09.954186891,98135.0
2019-06-28 09:53:12.677893210,98120.0
2019-06-28 09:53:16.894377288,98159.0
2019-06-28 09:53:31.551669291,98452.0
2019-06-28 09:53:34.670529375,98416.0
2019-06-28 09:53:56.143396414,98358.0
2019-06-28 09:53:59.786115647,98383.0
2019-06-28 09:54:09.711853696,98252.0
2019-06-28 09:54:11.981169206,98257.0
2019-06-28 09:54:36.501917582,98509.0
2019-06-28 09:54:42.889875836,98538.0
2019-06-28 09:54:47.258883423,98485.0
2019-06-28 09:54:50.458360716,98518.0
2019-06-28 09:54:53.618211396,98540.0
2019-06-28 09:55:09.867676115,98601.0
2019-06-28 09:55:20.563042485,98702.0
2019-06-28 09:55:23.808008608,98717.0
2019-06-28 09:55:32.114564778,98637.0
2019-06-28 09:55:45.732735190,98504.0
2019-06-28 09:55:50.176567470,98547.0
2019-06-28 09:55:56.133771641,98622.0
2019-06-28 09:56:15.779062066,98826.0
2019-06-28 09:56:35.110592511,98664.0
2019-06-28 09:56:47.808384851,98713.0
2019-06-28 09:56:48.035822326,98711.0
2019-06-28 09:56:49.203235300,98704.0
2019-06-28 09:56:52.298240051,98748.0
2019-06-28 09:56:52.550230509,98746.0
2019-06-28 09:57:39.264497031,98441.0
2019-06-28 09:57:44.810718338,98506.0
2019-06-28 09:57:47.436738249,98508.0
2019-06-28 09:57:47.870514446,98506.0
2019-06-28 09:57:48.529704214,98513.0
2019-06-28 09:57:50.293172025,98503.0
2019-06-28 09:57:54.340536540,98459.0
2019-06-28 09:57:56.370056334,98462.0
2019-06-28 09:58:40.846647612,98259.0
2019-06-28 09:58:51.347544248,98288.0
2019-06-28 09:58:56.534338591,98322.0
2019-06-28 09:59:10.077382553,98264.0
2019-06-28 09:59:10.486277423,98260.0
2019-06-28 09:59:13.091201882,98302.0
2019-06-28 09:59:29.068869585,98258.0
2019-06-28 09:59:35.526307206,98256.0
2019-06-28 09:59:49.827075762,98176.0
2019-06-28 09:59:50.754303683,98179.0
2019-06-28 10:00:00.653346349,98157.0
2019-06-28 10:00:18.512294337,98429.0
2019-06-28 10:00:35.090784115,98362.0
2019-06-28 10:01:03.661410177,98838.0
2019-06-28 10:01:03.753835758,98838.0
2019-06-28 10:01:24.650060933,98889.0
2019-06-28 10:01:28.645601885,98935.0
2019-06-28 10:01:46.013758710,98900.0
2019-06-28 10:01:48.354283083,98900.0
2019-06-28 10:01:51.372550879,98928.0
2019-06-28 10:01:55.265353180,98954.0
2019-06-28 10:02:19.858752469,98866.0
2019-06-28 10:02:21.099202476,98861.0
2019-06-28 10:02:25.871270947,98825.0
2019-06-28 10:02:56.106165195,98553.0
2019-06-28 10:03:07.142794389,98747.0
2019-06-28 10:03:18.055960707,98781.0
2019-06-28 10:03:38.547900491,99022.0
2019-06-28 10:03:40.943704377,99035.0
2019-06-28 10:03:59.613700039,99325.0
2019-06-28 10:04:01.775485693,99365.0
2019-06-28 10:04:16.056471289,99361.0
2019-06-28 10:05:00.957443651,99243.0
2019-06-28 10:05:02.326165522,99223.0
2019-06-28 10:05:11.481396277,99295.0
2019-06-28 10:05:18.427736942,99380.0
2019-06-28 10:05:29.291213928,99413.0
2019-06-28 10:05:38.863511336,99459.0
2019-06-28 10:05:48.030071622,99393.0
2019-06-28 10:06:05.607618096,99273.0
2019-06-28 10:06:06.958588249,99304.0
2019-06-28 10:06:39.526477637,99344.0
2019-06-28 10:07:11.930920245,99883.0
2019-06-28 10:07:20.508922383,100033.0
2019-06-28 10:07:26.526657712,100114.0
2019-06-28 10:07:35.718098225,100189.0
2019-06-28 10:07:39.254437036,100222.0
2019-06-28 10:08:00.720939764,100276.0
2019-06-28 10:08:25.578634479,100110.0
2019-06-28 10:08:25.982863935,100117.0
2019-06-28 10:08:52.325872036,100167.0
2019-06-28 10:08:56.380914502,100238.0
2019-06-28 10:09:00.919960697,100302.0
2019-06-28 10:09:04.819133212,100263.0
2019-06-28 10:09:12.081426527,100207.0
2019-06-28 10:09:40.683739437,100413.0
2019-06-28 10:09:45.490476830,100402.0
2019-06-28 10:10:26.027590722,99568.0
2019-06-28 10:10:33.815450168,99563.0
2019-06-28 10:10:34.996315823,99571.0
2019-06-28 10:10:48.808653720,99559.0
2019-06-28 10:10:53.941792826,99588.0
2019-06-28 10:11:13.193309457,99512.0
2019-06-28 10:11:44.689455882,99532.0
2019-06-28 10:11:56.110709926,99608.0
2019-06-28 10:12:01.687413040,99564.0
2019-06-28 10:12:01.902833005,99561.0
2019-06-28 10:12:47.959802128,99521.0
2019-06-28 10:13:04.496227735,99461.0
2019-06-28 10:13:31.811044131,99439.0
2019-06-28 10:13:52.911925265,99785.0
2019-06-28 10:14:10.104832516,99630.0
2019-06-28 10:14:13.272451955,99663.0
2019-06-28 10:14:19.070405043,99715.0
2019-06-28 10:14:32.215164385,99838.0
2019-06-28 10:14:42.240391778,99906.0
2019-06-28 10:14:54.375569721,99767.0
2019-06-28 10:14:55.910229417,99752.0
2019-06-28 10:15:02.627586491,99726.0
2019-06-28 10:15:32.947773239,99869.0
2019-06-28 10:15:39.503960115,99881.0
2019-06-28 10:15:42.196390956,99875.0
2019-06-28 10:16:28.005711553,99252.0
2019-06-28 10:16:31.529329529,99262.0
2019-06-28 10:16:32.619721648,99244.0
2019-06-28 10:17:12.766017725,99584.0
2019-06-28 10:17:22.487168306,99474.0
2019-06-28 10:17:26.568420036,99570.0
2019-06-28 10:17:50.732764021,99533.0
2019-06-28 10:17:51.550009845,99529.0
2019-06-28 10:17:57.389129624,99482.0
2019-06-28 10:18:33.449665549,99637.0
2019-06-28 10:18:34.849821767,99658.0
2019-06-28 10:18:35.673634984,99652.0
2019-06-28 10:18:36.987551900,99666.0
2019-06-28 10:18:59.598118222,99879.0
2019-06-28 10:19:07.545292373,99916.0
2019-06-28 10:19:16.853941948,99890.0
2019-06-28 10:19:24.885144914,99941.0
2019-06-28 10:19:26.422305909,99922.0
2019-06-28 10:19:32.851468656,99994.0
2019-06-28 10:19:56.364529657,100233.0
2019-06-28 10:19:57.118882225,100228.0
2019-06-28 10:20:02.095022924,100148.0
2019-06-28 10:20:33.674998893,99964.0
2019-06-28 10:20:42.640785170,99875.0
2019-06-28 10:20:50.279765405,99934.0
2019-06-28 10:21:22.217862196,99837.0
2019-06-28 10:22:09.054891624,99318.0
2019-06-28 10:22:09.415343134,99325.0
2019-06-28 10:22:39.491795189,99621.0
2019-06-28 10:22:40.856987055,99626.0
2019-06-28 10:22:41.451253585,99617.0
2019-06-28 10:22:50.116260029,99689.0
2019-06-28 10:23:01.598548322,99552.0
2019-06-28 10:23:45.288018458,99567.0
2019-06-28 10:23:54.342999537,99600.0
2019-06-28 10:23:57.155266210,99619.0
2019-06-28 10:24:18.363202878,99782.0
2019-06-28 10:24:35.982720127,99843.0
2019-06-28 10:24:44.067043433,99745.0
2019-06-28 10:24:52.187744827,99835.0
2019-06-28 10:25:44.081802830,99838.0
2019-06-28 10:25:47.182957187,99849.0
2019-06-28 10:25:49.355046511,99804.0
2019-06-28 10:25:50.857283299,99817.0
2019-06-28 10:25:51.189507737,99815.0
2019-06-28 10:26:00.327070589,99773.0
2019-06-28 10:26:33.161413993,100152.0
2019-06-28 10:26:41.404685487,100183.0
2019-06-28 10:26:51.356444153,100124.0
2019-06-28 10:27:20.223630841,100866.0
2019-06-28 10:27:21.573301995,100867.0
2019-06-28 10:27:22.822011782,100864.0
2019-06-28 10:27:44.347613932,100519.0
2019-06-28 10:27:48.693102781,100458.0
2019-06-28 10:27:58.967092774,100676.0
2019-06-28 10:28:04.032377779,100709.0
2019-06-28 10:28:06.522794424,100698.0
2019-06-28 10:28:10.329281713,100724.0
2019-06-28 10:28:11.544703930,100707.0
2019-06-28 10:28:49.245380945,100572.0
2019-06-28 10:28:54.570774925,100569.0
2019-06-28 10:29:25.847471666,100913.0
2019-06-28 10:29:32.418813181,100921.0
2019-06-28 10:29:35.681113256,100876.0
2019-06-28 10:29:43.143483669,100837.0
2019-06-28 10:29:47.828974281,100791.0
2019-06-28 10:29:51.060665840,100815.0
2019-06-28 10:29:52.759748593,100812.0
2019-06-28 10:30:12.878061252,100747.0
2019-06-28 10:30:36.925404210,100424.0
2019-06-28 10:30:42.965281452,100238.0
2019-06-28 10:31:04.009883188,100115.0
2019-06-28 10:31:04.383821057,100120.0
2019-06-28 10:31:13.412836770,100039.0
2019-06-28 10:31:14.389675426,100041.0
2019-06-28 10:31:40.034526936,100041.0
2019-06-28 10:31:58.787968272,100321.0
2019-06-28 10:32:37.578001420,100673.0
2019-06-28 10:32:39.837272091,100680.0
2019-06-28 10:32:40.324053750,100685.0
2019-06-28 10:32:40.523928672,100686.0
2019-06-28 10:33:00.365259871,100362.0
2019-06-28 10:33:22.670730852,100475.0
2019-06-28 10:33:28.203595225,100458.0
2019-06-28 10:33:31.795570931,100448.0
2019-06-28 10:33:40.012892017,100476.0
2019-06-28 10:33:48.653014338,100495.0
2019-06-28 10:34:16.135113480,100327.0
2019-06-28 10:34:24.600775271,100340.0
2019-06-28 10:34:33.929688182,100352.0
2019-06-28 10:34:39.691468966,100308.0
2019-06-28 10:35:00.366192512,100535.0
2019-06-28 10:35:31.365189248,100721.0
2019-06-28 10:35:48.007340127,100746.0
2019-06-28 10:36:05.392249085,100956.0
2019-06-28 10:36:08.211009563,100930.0
2019-06-28 10:36:27.674714250,100963.0
2019-06-28 10:36:59.288688452,101148.0
2019-06-28 10:37:06.214195984,101003.0
2019-06-28 10:37:09.312532408,101000.0
2019-06-28 10:37:16.243356184,100965.0
2019-06-28 10:37:26.324882315,100958.0
2019-06-28 10:37:28.866650108,101003.0
2019-06-28 10:38:07.100290073,101157.0
2019-06-28 10:38:22.852991059,101205.0
2019-06-28 10:38:46.781119067,101174.0
2019-06-28 10:38:52.260061635,101192.0
2019-06-28 10:39:09.153630589,100763.0
2019-06-28 10:39:16.169282614,100766.0
2019-06-28 10:39:31.646612533,100977.0
2019-06-28 10:39:40.526317576,100947.0
2019-06-28 10:40:12.352856073,101233.0
2019-06-28 10:40:14.618206000,101246.0
2019-06-28 10:40:21.652268554,101155.0
2019-06-28 10:40:42.623846264,101035.0
2019-06-28 10:40:43.294974885,101028.0
2019-06-28 10:40:46.688952546,101034.0
2019-06-28 10:41:09.661790770,101171.0
2019-06-28 10:41:12.835223301,100508.0
2019-06-28 10:41:13.008110604,100506.0
2019-06-28 10:41:47.079070089,100711.0
2019-06-28 10:41:59.008121381,100707.0
2019-06-28 10:42:02.430634182,100717.0
2019-06-28 10:42:08.626781381,100731.0
2019-06-28 10:42:16.355734328,100515.0
2019-06-28 10:42:31.028889988,100400.0
2019-06-28 10:42:34.778084479,100339.0
2019-06-28 10:42:40.472489581,100265.0
2019-06-28 10:42:51.613854945,100175.0
2019-06-28 10:43:00.602733886,100220.0
2019-06-28 10:43:30.953341268,100421.0
2019-06-28 10:43:33.192865729,100406.0
2019-06-28 10:43:40.010934478,100301.0
2019-06-28 10:43:53.889999044,99157.0
2019-06-28 10:43:58.905296672,99205.0
2019-06-28 10:44:04.272283311,99316.0
2019-06-28 10:44:12.697437098,99188.0
2019-06-28 10:44:14.207982640,99171.0
2019-06-28 10:44:18.956777146,99178.0
2019-06-28 10:44:19.603983623,99182.0
2019-06-28 10:44:44.066729515,98975.0
2019-06-28 10:44:56.546458664,98893.0
2019-06-28 10:45:39.955555473,98268.0
2019-06-28 10:45:58.078005390,98411.0
2019-06-28 10:46:12.241117918,98476.0
2019-06-28 10:46:20.464884087,98476.0
2019-06-28 10:46:23.740391322,98464.0
2019-06-28 10:46:41.698877377,98295.0
2019-06-28 10:46:49.129389248,98332.0
2019-06-28 10:47:12.609800380,98402.0
2019-06-28 10:47:17.853319001,98359.0
2019-06-28 10:47:24.441222930,98351.0
2019-06-28 10:47:39.324416811,98626.0
2019-06-28 10:47:47.396272362,98589.0
2019-06-28 10:48:06.801369389,98308.0
2019-06-28 10:48:28.047813087,98172.0
2019-06-28 10:49:02.209550670,98537.0
2019-06-28 10:49:22.139021599,98774.0
2019-06-28 10:49:38.726738092,98682.0
2019-06-28 10:49:39.625239764,98690.0
2019-06-28 10:49:42.802735317,98675.0
2019-06-28 10:50:01.609276442,98293.0
2019-06-28 10:50:02.918580000,98310.0
2019-06-28 10:50:05.492471971,98319.0
2019-06-28 10:50:09.811919087,98312.0
2019-06-28 10:50:15.585114295,98291.0
2019-06-28 10:50:56.739588237,99029.0
2019-06-28 10:51:20.814727405,99330.0
2019-06-28 10:51:34.121615995,99381.0
2019-06-28 10:51:53.886548630,99138.0
2019-06-28 10:51:53.933163067,99139.0
2019-06-28 10:52:13.675688330,99180.0
2019-06-28 10:52:23.215523839,99304.0
2019-06-28 10:52:34.144493124,99168.0
2019-06-28 10:52:49.019922725,99324.0
2019-06-28 10:52:51.959522846,99317.0
2019-06-28 10:52:53.664819982,99305.0
2019-06-28 10:52:58.378871073,99343.0
2019-06-28 10:53:00.733496489,99326.0
2019-06-28 10:53:21.935307883,99365.0
2019-06-28 10:53:25.254829065,99387.0
2019-06-28 10:53:28.016096530,99343.0
2019-06-28 10:53:28.527824721,99339.0
2019-06-28 10:53:28.863384796,99336.0
2019-06-28 10:53:40.429745154,99409.0
2019-06-28 10:53:58.417982181,99513.0
2019-06-28 10:54:38.589574398,99986.0
2019-06-28 10:54:45.135407147,100030.0
2019-06-28 10:54:50.632340316,99978.0
2019-06-28 10:55:05.818420830,99739.0
2019-06-28 10:55:27.132815889,99821.0
2019-06-28 10:55:27.595099629,99813.0
2019-06-28 10:55:49.699191329,100104.0
2019-06-28 10:56:29.166850872,100542.0
2019-06-28 10:56:37.805599643,100638.0
2019-06-28 10:56:59.488399666,100586.0
2019-06-28 10:57:10.564794174,100528.0
2019-06-28 10:57:12.483096995,100515.0
2019-06-28 10:57:32.349022741,100729.0
2019-06-28 10:57:47.405477885,100281.0
2019-06-28 10:57:48.309629285,100264.0
2019-06-28 10:57:54.948721889,100234.0
2019-06-28 10:58:03.934571261,100212.0
2019-06-28 10:59:27.284534509,99445.0
2019-06-28 10:59:40.538158124,99359.0
2019-06-28 11:00:02.636925098,99361.0
2019-06-28 11:00:49.042315032,99475.0
2019-06-28 11:01:02.642182416,99412.0
2019-06-28 11:01:26.854456341,99620.0
2019-06-28 11:01:30.428344774,99665.0
2019-06-28 11:02:12.217971962,99556.0
2019-06-28 11:02:28.838422520,99710.0
2019-06-28 11:02:45.468531418,99855.0
2019-06-28 11:02:59.253393882,99711.0
2019-06-28 11:03:38.725601401,99586.0
2019-06-28 11:04:06.087737884,99976.0
2019-06-28 11:04:24.104966959,100137.0
2019-06-28 11:04:27.687040515,100141.0
2019-06-28 11:04:36.143977093,100084.0
2019-06-28 11:04:39.449462727,100030.0
2019-06-28 11:04:40.947524702,100022.0
2019-06-28 11:04:54.514676436,100048.0
2019-06-28 11:04:56.180915514,100043.0
2019-06-28 11:05:06.013187251,99946.0
2019-06-28 11:05:18.819574995,99928.0
2019-06-28 11:05:34.853475324,99919.0
2019-06-28 11:06:10.980417692,100177.0
2019-06-28 11:06:31.934868431,100416.0
2019-06-28 11:06:39.849216582,100363.0
2019-06-28 11:07:09.131274513,99838.0
2019-06-28 11:07:16.262386778,99785.0
2019-06-28 11:07:21.032363361,99798.0
2019-06-28 11:07:34.072911760,99880.0
2019-06-28 11:07:37.236867803,99917.0
2019-06-28 11:07:53.823617856,99970.0
2019-06-28 11:08:07.962219196,99955.0
2019-06-28 11:08:11.248401839,100001.0
2019-06-28 11:08:37.176082397,99994.0
2019-06-28 11:08:38.073022435,100003.0
2019-06-28 11:08:52.532421831,99909.0
2019-06-28 11:09:01.964986735,99813.0
2019-06-28 11:09:13.448359388,99910.0
2019-06-28 11:09:14.738452287,99903.0
2019-06-28 11:09:23.104633316,99991.0
2019-06-28 11:09:29.421017606,99973.0
2019-06-28 11:09:35.940671332,100067.0
2019-06-28 11:09:48.205890778,99949.0
2019-06-28 11:10:33.512998168,99878.0
2019-06-28 11:10:34.006662082,99885.0
2019-06-28 11:11:01.089689965,99665.0
2019-06-28 11:11:06.392950696,99621.0
2019-06-28 11:11:08.285601330,99622.0
2019-06-28 11:11:20.541920756,99607.0
2019-06-28 11:11:41.628567864,99693.0
2019-06-28 11:11:47.137480789,99687.0
2019-06-28 11:11:59.854975149,99646.0
2019-06-28 11:12:35.229648670,99697.0
2019-06-28 11:12:51.697012548,99683.0
2019-06-28 11:12:52.816332199,99674.0
2019-06-28 11:12:57.770699524,99688.0
2019-06-28 11:13:09.732392689,99673.0
2019-06-28 11:13:20.592343645,99752.0
2019-06-28 11:13:29.735686613,99822.0
2019-06-28 11:14:01.113357518,99662.0
2019-06-28 11:14:20.063905268,99712.0
2019-06-28 11:14:23.856295072,99685.0
2019-06-28 11:14:24.355853349,99686.0
2019-06-28 11:14:55.166373601,99522.0
2019-06-28 11:15:38.625992349,99026.0
2019-06-28 11:15:47.982984144,99031.0
2019-06-28 11:16:06.984012269,99020.0
2019-06-28 11:16:12.268889978,98998.0
2019-06-28 11:16:52.316945340,99817.0
2019-06-28 11:17:21.069673022,99533.0
2019-06-28 11:17:22.685955052,99506.0
2019-06-28 11:17:57.614948085,99422.0
2019-06-28 11:18:05.558634449,99440.0
2019-06-28 11:18:09.396431993,99464.0
2019-06-28 11:18:11.752731179,99467.0
2019-06-28 11:18:13.294230574,99445.0
2019-06-28 11:18:21.525708254,99408.0
2019-06-28 11:18:40.181909120,99363.0
2019-06-28 11:18:51.053922020,99351.0
2019-06-28 11:19:15.836024713,99506.0
2019-06-28 11:19:26.791129914,99546.0
2019-06-28 11:19:27.324051225,99548.0
2019-06-28 11:19:40.969546139,99756.0
2019-06-28 11:19:50.353185024,99833.0
2019-06-28 11:19:53.153437606,99811.0
2019-06-28 11:19:56.288127414,99793.0
2019-06-28 11:20:00.438219104,99834.0
2019-06-28 11:20:29.409929630,99567.0
2019-06-28 11:20:58.155775977,99401.0
2019-06-28 11:21:15.057770460,99331.0
2019-06-28 11:21:18.703156344,99344.0
2019-06-28 11:21:26.048327061,99343.0
2019-06-28 11:21:27.951579558,99329.0
2019-06-28 11:21:35.846679285,99356.0
2019-06-28 11:21:57.416624747,99505.0
2019-06-28 11:22:23.687861472,99853.0
2019-06-28 11:22:32.541216527,99833.0
2019-06-28 11:22:34.646067221,99849.0
2019-06-28 11:23:20.744670994,100461.0
2019-06-28 11:23:37.206177100,100699.0
2019-06-28 11:23:57.274546255,100757.0
2019-06-28 11:24:06.841368432,100829.0
2019-06-28 11:24:17.547176637,100830.0
2019-06-28 11:24:23.145478425,100818.0
2019-06-28 11:24:25.424025880,100833.0
2019-06-28 11:24:51.270447083,101131.0
2019-06-28 11:24:54.234496014,101127.0
2019-06-28 11:25:21.739454745,101191.0
2019-06-28 11:25:37.518781073,101314.0
2019-06-28 11:25:38.276512517,101316.0
2019-06-28 11:25:56.455783684,101296.0
2019-06-28 11:26:27.879900824,101332.0
2019-06-28 11:26:49.620695034,101374.0
2019-06-28 11:26:59.320168140,101491.0
2019-06-28 11:27:05.843591439,101471.0
2019-06-28 11:27:20.719898042,101459.0
2019-06-28 11:27:29.852947501,101547.0
2019-06-28 11:27:35.003873676,101629.0
2019-06-28 11:27:35.072062921,101629.0
2019-06-28 11:28:46.955243202,101490.0
2019-06-28 11:28:47.727143363,101494.0
2019-06-28 11:29:00.220469284,101373.0
2019-06-28 11:29:27.423141995,101269.0
2019-06-28 11:29:27.686049066,101269.0
2019-06-28 11:29:45.605423718,101373.0
2019-06-28 11:29:59.503496796,101381.0
2019-06-28 11:30:05.043723525,101331.0
2019-06-28 11:30:05.318547035,101334.0
2019-06-28 11:30:07.682197511,101308.0
2019-06-28 11:30:09.431584052,101312.0
2019-06-28 11:30:10.648443309,101319.0
2019-06-28 11:30:17.790768470,101383.0
2019-06-28 11:30:28.093691691,101445.0
2019-06-28 11:30:58.388012339,101474.0
2019-06-28 11:31:08.753955432,101502.0
2019-06-28 11:31:19.656362858,101512.0
2019-06-28 11:31:38.139720135,101373.0
2019-06-28 11:31:46.226482290,101466.0
2019-06-28 11:31:58.200438260,101493.0
2019-06-28 11:31:59.208471925,101495.0
2019-06-28 11:32:15.530084066,101689.0
2019-06-28 11:32:22.434833155,101679.0
2019-06-28 11:32:52.300610260,101237.0
2019-06-28 11:32:52.840567092,101232.0
2019-06-28 11:33:09.183126086,100852.0
2019-06-28 11:33:15.791254567,100846.0
2019-06-28 11:33:26.907638690,100680.0
2019-06-28 11:34:37.690583405,100736.0
2019-06-28 11:34:40.409578487,100738.0
2019-06-28 11:34:44.733206215,100800.0
2019-06-28 11:34:58.207369129,100638.0
2019-06-28 11:35:02.879094854,100663.0
2019-06-28 11:35:06.361111365,100637.0
2019-06-28 11:35:19.997693996,100338.0
2019-06-28 11:36:06.818483926,99459.0
2019-06-28 11:36:16.899305014,99491.0
2019-06-28 11:36:17.594071527,99492.0
2019-06-28 11:36:26.040077052,99586.0
2019-06-28 11:36:42.236026975,99381.0
2019-06-28 11:36:54.672568208,99386.0
2019-06-28 11:36:57.799396544,99362.0
2019-06-28 11:38:07.761484942,99368.0
2019-06-28 11:38:08.397703013,99373.0
2019-06-28 11:38:50.765602349,100050.0
2019-06-28 11:38:55.951017688,100092.0
2019-06-28 11:38:59.084887333,100065.0
2019-06-28 11:39:25.690324991,99897.0
2019-06-28 11:39:37.703605267,100005.0
2019-06-28 11:40:11.317486474,100431.0
2019-06-28 11:40:33.407550639,100526.0
2019-06-28 11:40:45.461031514,100411.0
2019-06-28 11:41:29.888968115,100599.0
2019-06-28 11:41:53.260185443,100843.0
2019-06-28 11:41:53.756347672,100845.0
2019-06-28 11:42:14.669063609,100660.0
2019-06-28 11:43:04.918478204,101331.0
2019-06-28 11:43:23.367836292,100945.0
2019-06-28 11:43:30.253113061,100942.0
2019-06-28 11:43:40.137538304,100894.0
2019-06-28 11:43:45.067069053,100899.0
2019-06-28 11:43:50.456432915,100876.0
2019-06-28 11:43:54.875875530,100863.0
2019-06-28 11:44:10.110108118,100891.0
2019-06-28 11:44:18.856928140,100886.0
2019-06-28 11:44:28.470157046,100848.0
2019-06-28 11:44:30.668336180,100863.0
2019-06-28 11:44:47.338893194,100888.0
2019-06-28 11:44:52.685960834,100986.0
2019-06-28 11:45:03.549676136,100937.0
2019-06-28 11:45:16.067756299,100976.0
2019-06-28 11:45:20.788957358,100930.0
2019-06-28 11:45:25.734944384,100910.0
2019-06-28 11:45:35.206338617,100953.0
2019-06-28 11:45:36.208725831,100947.0
2019-06-28 11:46:08.511858202,100656.0
2019-06-28 11:46:45.675974916,101348.0
2019-06-28 11:47:56.469352946,101743.0
2019-06-28 11:48:11.814164728,101637.0
2019-06-28 11:48:21.830709982,101744.0
2019-06-28 11:48:25.185915639,101780.0
2019-06-28 11:48:34.438852318,101715.0
2019-06-28 11:48:54.667699546,101698.0
2019-06-28 11:49:05.199782263,101751.0
2019-06-28 11:49:11.244758868,101772.0
2019-06-28 11:49:22.650445037,101773.0
2019-06-28 11:49:29.679836462,101765.0
2019-06-28 11:49:44.114948610,101554.0
2019-06-28 11:50:07.540379975,101791.0
2019-06-28 11:50:24.696682155,101406.0
2019-06-28 11:50:27.108521261,101422.0
2019-06-28 11:50:40.612752378,101553.0
2019-06-28 11:50:41.537043927,101562.0
2019-06-28 11:51:37.903840708,101418.0
2019-06-28 11:51:50.403078624,101416.0
2019-06-28 11:51:53.227383478,101370.0
2019-06-28 11:52:03.946689720,101384.0
2019-06-28 11:52:25.830842705,101129.0
2019-06-28 11:52:26.510882895,101123.0
2019-06-28 11:52:45.369307584,100997.0
2019-06-28 11:52:51.961578882,100896.0
2019-06-28 11:52:59.765114985,101052.0
2019-06-28 11:53:04.720245739,101093.0
2019-06-28 11:53:13.956693842,101010.0
2019-06-28 11:53:41.855870765,100879.0
2019-06-28 11:53:43.739385429,100926.0
2019-06-28 11:54:07.053122697,100816.0
2019-06-28 11:54:10.977704735,100833.0
2019-06-28 11:54:14.538883302,100833.0
2019-06-28 11:54:17.077558817,100863.0
2019-06-28 11:54:20.045993785,100859.0
2019-06-28 11:54:25.574755553,100877.0
2019-06-28 11:54:36.078378320,100912.0
2019-06-28 11:54:58.625066382,100871.0
2019-06-28 11:55:01.186026132,100883.0
2019-06-28 11:55:05.798184817,100890.0
2019-06-28 11:55:26.402971554,100717.0
2019-06-28 11:55:44.285075208,100820.0
2019-06-28 11:55:51.165496709,100887.0
2019-06-28 11:56:22.475041477,100852.0
2019-06-28 11:56:22.847324930,100855.0
2019-06-28 11:56:30.895766399,100817.0
2019-06-28 11:56:31.504236831,100810.0
2019-06-28 11:56:45.675715543,100784.0
2019-06-28 11:56:49.604551248,100760.0
2019-06-28 11:57:19.513195219,100435.0
2019-06-28 11:57:26.147718698,100434.0
2019-06-28 11:57:26.539766578,100438.0
2019-06-28 11:57:33.325470971,100429.0
2019-06-28 11:57:37.304328561,100369.0
2019-06-28 11:57:46.510975913,100263.0
2019-06-28 11:57:54.927901680,100372.0
2019-06-28 11:57:59.528509970,100473.0
2019-06-28 11:58:09.364111795,100528.0
2019-06-28 11:58:16.247446664,100486.0
2019-06-28 11:58:23.938887888,100448.0
2019-06-28 11:58:29.708338720,100416.0
2019-06-28 11:58:30.466069882,100411.0
2019-06-28 11:58:43.803872677,100163.0
2019-06-28 11:58:58.926595708,100124.0
2019-06-28 11:59:11.462962061,100035.0
2019-06-28 11:59:20.488758856,100021.0
2019-06-28 11:59:32.236368634,100113.0
2019-06-28 11:59:49.220423912,100146.0
2019-06-28 12:00:02.061466844,100211.0
2019-06-28 12:00:31.018405053,100244.0
2019-06-28 12:00:33.611222632,100216.0
2019-06-28 12:00:43.863355742,100329.0
2019-06-28 12:00:48.666834368,100339.0
2019-06-28 12:00:58.051013813,100553.0
2019-06-28 12:01:25.717863478,100774.0
2019-06-28 12:01:34.834947967,100901.0
2019-06-28 12:01:48.597076385,101372.0
2019-06-28 12:02:02.288615146,101382.0
2019-06-28 12:02:33.427711536,101390.0
2019-06-28 12:03:07.669160653,100680.0
2019-06-28 12:03:24.384020148,100893.0
2019-06-28 12:03:27.911387696,100860.0
2019-06-28 12:04:24.610601272,100210.0
2019-06-28 12:04:34.082741051,100295.0
2019-06-28 12:04:41.480249349,100363.0
2019-06-28 12:04:44.363078730,100347.0
2019-06-28 12:04:49.709188305,100296.0
2019-06-28 12:04:51.437764343,100299.0
2019-06-28 12:04:57.575602971,100238.0
2019-06-28 12:05:03.867665352,100217.0
2019-06-28 12:05:10.875354889,100394.0
2019-06-28 12:05:16.099049485,100447.0
2019-06-28 12:05:35.980250339,100468.0
2019-06-28 12:06:06.135294340,100523.0
2019-06-28 12:06:14.346929470,100443.0
2019-06-28 12:06:17.446431466,100478.0
2019-06-28 12:06:31.894898040,100368.0
2019-06-28 12:06:33.907503627,100409.0
2019-06-28 12:06:35.381955657,100376.0
2019-06-28 12:06:45.549816986,100327.0
2019-06-28 12:07:40.242009260,100711.0
2019-06-28 12:07:49.035158799,100662.0
2019-06-28 12:07:51.068046502,100688.0
2019-06-28 12:07:52.371421745,100698.0
2019-06-28 12:08:03.784006252,100573.0
2019-06-28 12:08:14.555572639,100750.0
2019-06-28 12:08:32.106341520,100715.0
2019-06-28 12:08:43.935100489,100663.0
2019-06-28 12:08:48.134720974,100635.0
2019-06-28 12:08:53.891325196,100709.0
2019-06-28 12:09:35.057836142,100732.0
2019-06-28 12:09:38.904831410,100779.0
2019-06-28 12:09:42.121332329,100783.0
2019-06-28 12:09:57.401827451,100683.0
2019-06-28 12:10:09.000965021,100701.0
2019-06-28 12:10:33.105876492,100973.0
2019-06-28 12:10:36.832262383,100983.0
2019-06-28 12:10:44.997430865,101082.0
2019-06-28 12:10:56.261525457,100837.0
2019-06-28 12:11:09.699288724,100872.0
2019-06-28 12:11:11.544863306,100856.0
2019-06-28 12:11:26.869229972,101046.0
2019-06-28 12:11:57.877496102,101153.0
2019-06-28 12:12:22.285023155,100908.0
2019-06-28 12:12:24.031549061,100882.0
2019-06-28 12:12:32.591339902,100726.0
2019-06-28 12:12:36.912697996,100680.0
2019-06-28 12:12:50.307180875,101007.0
2019-06-28 12:12:53.499024079,101080.0
2019-06-28 12:12:56.315474977,101067.0
2019-06-28 12:13:25.566357603,100892.0
2019-06-28 12:13:41.589795576,100853.0
2019-06-28 12:13:44.671972948,100870.0
2019-06-28 12:13:54.991087213,100890.0
2019-06-28 12:14:29.393869515,101200.0
2019-06-28 12:15:00.057397151,101524.0
2019-06-28 12:15:46.871289258,101546.0
2019-06-28 12:15:50.871086472,101543.0
2019-06-28 12:15:58.218369639,101605.0
2019-06-28 12:16:27.374745320,101597.0
2019-06-28 12:16:41.938464509,101379.0
2019-06-28 12:17:18.532969703,101010.0
2019-06-28 12:17:29.721055615,101050.0
2019-06-28 12:17:38.448946541,101113.0
2019-06-28 12:17:42.173427131,101052.0
2019-06-28 12:18:19.874573864,100590.0
2019-06-28 12:18:21.695307231,100592.0
2019-06-28 12:18:31.948281815,100536.0
2019-06-28 12:18:43.376485194,100636.0
2019-06-28 12:19:14.697029016,100429.0
2019-06-28 12:19:23.077901108,100362.0
2019-06-28 12:19:44.295297075,100216.0
2019-06-28 12:19:56.492022312,100040.0
2019-06-28 12:21:04.053712908,100948.0
2019-06-28 12:21:20.513817332,100913.0
2019-06-28 12:21:30.988770473,100815.0
2019-06-28 12:21:47.030093822,100674.0
2019-06-28 12:21:56.044077918,100733.0
2019-06-28 12:22:08.380037773,100616.0
2019-06-28 12:22:15.419917383,100574.0
2019-06-28 12:22:29.661202876,100320.0
2019-06-28 12:22:32.107551067,100314.0
2019-06-28 12:22:50.507177314,100434.0
2019-06-28 12:22:57.959793552,100416.0
2019-06-28 12:23:11.257532661,100550.0
2019-06-28 12:23:18.453599118,100540.0
2019-06-28 12:23:37.496099482,100494.0
2019-06-28 12:23:43.534942456,100527.0
2019-06-28 12:24:03.567864808,100630.0
2019-06-28 12:24:14.294887391,100626.0
2019-06-28 12:24:14.724789146,100623.0
2019-06-28 12:24:30.923285306,100569.0
2019-06-28 12:24:44.958526509,100417.0
2019-06-28 12:24:46.659417149,100441.0
2019-06-28 12:24:54.325124244,100505.0
2019-06-28 12:25:19.783101655,100713.0
2019-06-28 12:25:28.654474169,100602.0
2019-06-28 12:25:52.423145852,100290.0
2019-06-28 12:25:54.914559148,100264.0
2019-06-28 12:25:56.250721680,100256.0
2019-06-28 12:25:58.462706428,100245.0
2019-06-28 12:26:11.283144757,100205.0
2019-06-28 12:26:23.479522785,100274.0
2019-06-28 12:26:26.760718471,100309.0
2019-06-28 12:26:40.282993284,100488.0
2019-06-28 12:26:47.330240473,100553.0
2019-06-28 12:27:29.938093969,100433.0
2019-06-28 12:27:57.469782167,100476.0
2019-06-28 12:28:00.899869760,100514.0
2019-06-28 12:28:03.941679859,100432.0
2019-06-28 12:28:04.155469922,100427.0
2019-06-28 12:28:07.108990968,100418.0
2019-06-28 12:28:14.970154103,100401.0
2019-06-28 12:28:18.414390804,100407.0
2019-06-28 12:28:25.031564376,100480.0
2019-06-28 12:28:32.408774394,100351.0
2019-06-28 12:29:17.883622914,100508.0
2019-06-28 12:29:25.297081595,100589.0
2019-06-28 12:29:27.101706386,100576.0
2019-06-28 12:29:29.772282841,100588.0
2019-06-28 12:29:33.594720760,100563.0
2019-06-28 12:29:55.399274132,100254.0
2019-06-28 12:29:55.840713597,100256.0
2019-06-28 12:29:57.317176477,100263.0
2019-06-28 12:30:03.650486874,100210.0
2019-06-28 12:30:31.107883068,99991.0
2019-06-28 12:30:43.541149237,100219.0
2019-06-28 12:31:02.317051848,100538.0
2019-06-28 12:31:10.701287370,100555.0
2019-06-28 12:31:17.452288270,100551.0
2019-06-28 12:31:27.325776177,100581.0
2019-06-28 12:31:27.596933968,100576.0
2019-06-28 12:31:33.258360754,100663.0
2019-06-28 12:31:39.547314371,100656.0
2019-06-28 12:31:45.968530648,100578.0
2019-06-28 12:31:53.225274339,100450.0
2019-06-28 12:32:01.123957075,100497.0
2019-06-28 12:32:05.671727643,100554.0
2019-06-28 12:32:09.063005169,100560.0
2019-06-28 12:32:18.422364534,100619.0
2019-06-28 12:32:21.324858383,100679.0
2019-06-28 12:32:55.645303870,100966.0
2019-06-28 12:33:08.924431649,101031.0
2019-06-28 12:33:10.499949674,101014.0
2019-06-28 12:33:21.850719553,100966.0
2019-06-28 12:33:36.669726695,100945.0
2019-06-28 12:33:36.761439269,100944.0
2019-06-28 12:33:36.840181461,100944.0
2019-06-28 12:33:47.752681810,100971.0
2019-06-28 12:34:26.605585803,101020.0
2019-06-28 12:34:30.293402801,101014.0
2019-06-28 12:34:41.639999392,100918.0
2019-06-28 12:34:47.370380920,100957.0
2019-06-28 12:34:50.413504364,100974.0
2019-06-28 12:34:57.375883213,100916.0
2019-06-28 12:35:02.052882462,100885.0
2019-06-28 12:35:18.746473001,100887.0
2019-06-28 12:35:31.873625266,100734.0
2019-06-28 12:35:32.971811202,100721.0
2019-06-28 12:36:09.726136995,100743.0
2019-06-28 12:36:16.817562722,100774.0
2019-06-28 12:36:43.222906215,100662.0
2019-06-28 12:36:46.999105157,100662.0
2019-06-28 12:36:52.935585211,100767.0
2019-06-28 12:36:56.360513965,100766.0
2019-06-28 12:37:03.189272486,100820.0
2019-06-28 12:37:07.318718358,100886.0
2019-06-28 12:37:41.433569375,101395.0
2019-06-28 12:38:03.046268815,101432.0
2019-06-28 12:38:18.392606571,101366.0
2019-06-28 12:38:21.773331354,101353.0
2019-06-28 12:38:34.894501919,101298.0
2019-06-28 12:39:30.680652981,101149.0
2019-06-28 12:39:54.323652140,101109.0
2019-06-28 12:40:08.622622200,100874.0
2019-06-28 12:40:13.275812960,100806.0
2019-06-28 12:40:25.360135589,100686.0
2019-06-28 12:40:25.467844954,100685.0
2019-06-28 12:40:27.457412197,100667.0
2019-06-28 12:40:30.312154790,100608.0
2019-06-28 12:40:34.097912054,100636.0
2019-06-28 12:40:41.533437060,100622.0
2019-06-28 12:40:48.529414683,100583.0
2019-06-28 12:41:41.888812507,100209.0
2019-06-28 12:41:50.902531900,100310.0
2019-06-28 12:42:03.004146537,100299.0
2019-06-28 12:42:05.937035014,100298.0
2019-06-28 12:42:06.577906909,100300.0
2019-06-28 12:42:16.088917143,100478.0
2019-06-28 12:42:18.279859237,100447.0
2019-06-28 12:42:39.330620628,100570.0
2019-06-28 12:42:46.072422996,100557.0
2019-06-28 12:42:47.389468134,100566.0
2019-06-28 12:42:58.501984379,100520.0
2019-06-28 12:43:29.467105201,100095.0
2019-06-28 12:43:42.775116013,100322.0
2019-06-28 12:44:07.480196216,100041.0
2019-06-28 12:44:12.467467507,99919.0
2019-06-28 12:44:17.064909300,99963.0
2019-06-28 12:44:48.367019652,100290.0
2019-06-28 12:45:29.807667996,100360.0
2019-06-28 12:45:40.623121150,100277.0
2019-06-28 12:45:42.117970665,100276.0
2019-06-28 12:46:09.361521706,100174.0
2019-06-28 12:46:15.943375214,100139.0
2019-06-28 12:46:24.306318224,100104.0
2019-06-28 12:46:52.847582330,100170.0
2019-06-28 12:46:59.266740110,100194.0
2019-06-28 12:47:20.512284565,100148.0
2019-06-28 12:47:21.004143991,100150.0
2019-06-28 12:47:29.901238577,99995.0
2019-06-28 12:47:32.822250886,99989.0
2019-06-28 12:47:35.615262176,100010.0
2019-06-28 12:47:44.984925878,100166.0
2019-06-28 12:47:59.894617124,100223.0
2019-06-28 12:48:20.975431789,100077.0
2019-06-28 12:48:24.728829347,100054.0
2019-06-28 12:48:36.823649334,100193.0
2019-06-28 12:48:54.350680833,100304.0
2019-06-28 12:48:57.059907638,100293.0
2019-06-28 12:49:31.669888482,100335.0
2019-06-28 12:49:46.282201174,100372.0
2019-06-28 12:50:02.216258360,100487.0
2019-06-28 12:50:13.965817325,100630.0
2019-06-28 12:50:24.692299966,100751.0
2019-06-28 12:51:13.973805114,99936.0
2019-06-28 12:51:14.868399121,99922.0
2019-06-28 12:51:16.188058036,99912.0
2019-06-28 12:51:17.702075952,99932.0
2019-06-28 12:51:36.409982076,100000.0
2019-06-28 12:51:41.672395399,100087.0
2019-06-28 12:51:49.763124749,100168.0
2019-06-28 12:51:54.181591457,100165.0
2019-06-28 12:51:54.432423876,100167.0
2019-06-28 12:52:12.722064685,100155.0
2019-06-28 12:52:48.689581785,100412.0
2019-06-28 12:52:48.700016865,100412.0
2019-06-28 12:52:53.294376089,100407.0
2019-06-28 12:53:15.059930746,100496.0
2019-06-28 12:53:32.546729116,100251.0
2019-06-28 12:53:33.395240834,100237.0
2019-06-28 12:53:37.872103122,100289.0
2019-06-28 12:53:53.589745655,100331.0
2019-06-28 12:53:56.857356085,100354.0
2019-06-28 12:53:59.089229283,100376.0
2019-06-28 12:54:04.646980504,100435.0
2019-06-28 12:54:05.036306461,100434.0
2019-06-28 12:54:21.382738352,100386.0
2019-06-28 12:54:30.692335729,100313.0
2019-06-28 12:54:35.457393227,100247.0
2019-06-28 12:54:55.496599654,100167.0
2019-06-28 12:54:59.965892335,100128.0
2019-06-28 12:55:03.890311586,100077.0
2019-06-28 12:55:05.361152430,100102.0
2019-06-28 12:55:13.117690941,99976.0
2019-06-28 12:55:15.608154869,99984.0
2019-06-28 12:55:44.504164763,99728.0
2019-06-28 12:55:53.806535820,99612.0
2019-06-28 12:56:39.272816786,99373.0
2019-06-28 12:57:12.247830388,99876.0
2019-06-28 12:57:47.440896162,99642.0
2019-06-28 12:57:59.889210399,99796.0
2019-06-28 12:58:03.341977275,99805.0
2019-06-28 12:58:15.138985551,99809.0
2019-06-28 12:58:21.235977340,99913.0
2019-06-28 12:58:37.725767980,99855.0
2019-06-28 12:58:55.761512903,99931.0
2019-06-28 12:59:03.669414210,99961.0
2019-06-28 12:59:18.304258139,99994.0
2019-06-28 12:59:36.344368357,99852.0
2019-06-28 12:59:37.970498856,99836.0
2019-06-28 12:59:42.668883421,99812.0
2019-06-28 12:59:44.119606712,99805.0
2019-06-28 12:59:57.266992484,99863.0
2019-06-28 12:59:57.782523160,99862.0
2019-06-28 13:00:14.914180402,99642.0
2019-06-28 13:00:32.607713185,99655.0
2019-06-28 13:00:36.010950956,99648.0
2019-06-28 13:00:49.012180780,99647.0
2019-06-28 13:01:17.904396919,99134.0
2019-06-28 13:01:46.557075728,99102.0
2019-06-28 13:02:06.419870767,99326.0
2019-06-28 13:02:08.808441357,99339.0
2019-06-28 13:02:34.869873379,99360.0
2019-06-28 13:02:38.194777203,99311.0
2019-06-28 13:02:49.376227131,99471.0
2019-06-28 13:02:52.198572619,99489.0
2019-06-28 13:03:04.372109553,99680.0
2019-06-28 13:03:06.662184941,99689.0
2019-06-28 13:03:49.881790629,99269.0
2019-06-28 13:04:12.712199846,99098.0
2019-06-28 13:04:38.361026877,99197.0
2019-06-28 13:04:53.419514873,99350.0
2019-06-28 13:04:55.582038486,99335.0
2019-06-28 13:05:10.899001104,99245.0
2019-06-28 13:05:17.571836871,99292.0
2019-06-28 13:05:26.484791136,99442.0
2019-06-28 13:05:48.672258189,99416.0
2019-06-28 13:05:48.730851034,99416.0
2019-06-28 13:06:19.975297114,98954.0
2019-06-28 13:06:33.715551556,98980.0
2019-06-28 13:06:33.928566362,98981.0
2019-06-28 13:07:10.852548787,98789.0
2019-06-28 13:07:16.056908952,98881.0
2019-06-28 13:07:21.063476346,98856.0
2019-06-28 13:07:26.208495345,98854.0
2019-06-28 13:07:32.962257959,98851.0
2019-06-28 13:07:45.717889324,98724.0
2019-06-28 13:08:07.650202671,98627.0
2019-06-28 13:08:09.976854437,98609.0
2019-06-28 13:08:52.011043461,99305.0
2019-06-28 13:08:53.145421575,99317.0
2019-06-28 13:09:15.417355199,99290.0
2019-06-28 13:09:16.556965791,99297.0
2019-06-28 13:09:19.478277532,99267.0
2019-06-28 13:09:40.339558709,99082.0
2019-06-28 13:09:44.664302229,99079.0
2019-06-28 13:10:07.422533453,98956.0
2019-06-28 13:10:22.189700223,99044.0
2019-06-28 13:10:22.659811446,99048.0
2019-06-28 13:10:25.764392374,99092.0
2019-06-28 13:10:34.206881330,99159.0
2019-06-28 13:10:47.392674507,99301.0
2019-06-28 13:10:53.848665726,99333.0
2019-06-28 13:10:55.896273266,99317.0
2019-06-28 13:11:06.817573205,99219.0
2019-06-28 13:11:18.412937352,99248.0
2019-06-28 13:11:54.457305719,98906.0
2019-06-28 13:12:54.857733761,98937.0
2019-06-28 13:13:08.491717789,99149.0
2019-06-28 13:13:41.544165911,99337.0
2019-06-28 13:13:55.005658307,99645.0
2019-06-28 13:13:56.184953753,99637.0
2019-06-28 13:13:58.766540871,99674.0
2019-06-28 13:14:17.637409222,99625.0
2019-06-28 13:14:31.592935168,99713.0
2019-06-28 13:15:27.697620851,100550.0
2019-06-28 13:15:38.991929825,100405.0
2019-06-28 13:15:59.069675258,100311.0
2019-06-28 13:16:07.315537434,100390.0
2019-06-28 13:16:17.800206517,100441.0
2019-06-28 13:16:19.230867094,100450.0
2019-06-28 13:16:20.498651623,100440.0
2019-06-28 13:16:20.836208512,100436.0
2019-06-28 13:16:23.586402648,100417.0
2019-06-28 13:16:29.740820259,100379.0
2019-06-28 13:16:33.480045469,100404.0
2019-06-28 13:16:44.559956144,100337.0
2019-06-28 13:16:51.217425472,100420.0
2019-06-28 13:17:05.712312136,100486.0
2019-06-28 13:17:40.928881203,100403.0
2019-06-28 13:17:58.934058097,100341.0
2019-06-28 13:18:18.799896635,100239.0
2019-06-28 13:19:12.695708462,100363.0
2019-06-28 13:19:42.445500153,100476.0
2019-06-28 13:19:59.589243677,100531.0
2019-06-28 13:20:16.813149802,100604.0
2019-06-28 13:20:22.968076091,100620.0
2019-06-28 13:20:28.422057302,100588.0
2019-06-28 13:20:29.615356477,100598.0
2019-06-28 13:21:22.253664506,100674.0
2019-06-28 13:21:31.174442142,100681.0
2019-06-28 13:21:54.445429379,100763.0
2019-06-28 13:22:12.433858525,100972.0
2019-06-28 13:22:24.667263807,101110.0
2019-06-28 13:22:37.603264878,101140.0
2019-06-28 13:22:56.673153739,101201.0
2019-06-28 13:23:09.778833604,101043.0
2019-06-28 13:23:10.732087453,101040.0
2019-06-28 13:23:17.966536258,101143.0
2019-06-28 13:23:29.373655089,101026.0
2019-06-28 13:23:31.306259908,101008.0
2019-06-28 13:23:50.427592906,101071.0
2019-06-28 13:24:07.068493041,101084.0
2019-06-28 13:24:12.143601374,101082.0
2019-06-28 13:24:13.998009070,101075.0
2019-06-28 13:24:37.769427108,100870.0
2019-06-28 13:25:05.111302964,100731.0
2019-06-28 13:25:15.496292065,100587.0
2019-06-28 13:25:16.594627359,100593.0
2019-06-28 13:25:27.781019889,100525.0
2019-06-28 13:25:52.484404453,100461.0
2019-06-28 13:26:09.021871966,100577.0
2019-06-28 13:26:56.053895285,100177.0
2019-06-28 13:26:58.045487219,100183.0
2019-06-28 13:27:07.341620223,100175.0
2019-06-28 13:27:41.564324199,100460.0
2019-06-28 13:28:05.691420935,100236.0
2019-06-28 13:28:17.739665789,100425.0
2019-06-28 13:28:21.915398728,100437.0
2019-06-28 13:28:29.149098752,100454.0
2019-06-28 13:28:48.983475578,100288.0
2019-06-28 13:29:02.987830752,100561.0
2019-06-28 13:29:04.449064112,100552.0
2019-06-28 13:29:15.347227465,100601.0
2019-06-28 13:29:15.670643858,100603.0
2019-06-28 13:29:17.128077306,100603.0
2019-06-28 13:29:21.357861191,100590.0
2019-06-28 13:29:22.199473749,100582.0
2019-06-28 13:29:38.522836899,100651.0
2019-06-28 13:29:43.176957692,100679.0
2019-06-28 13:29:47.292199825,100632.0
2019-06-28 13:29:48.994056842,100631.0
2019-06-28 13:30:24.599100157,101193.0
2019-06-28 13:30:52.142158698,100886.0
2019-06-28 13:31:05.600590134,100729.0
2019-06-28 13:31:32.633176970,101027.0
2019-06-28 13:31:33.565265712,101028.0
2019-06-28 13:31:57.051279817,101282.0
2019-06-28 13:31:57.365040511,101279.0
2019-06-28 13:31:58.579976551,101273.0
2019-06-28 13:32:09.926092761,101347.0
2019-06-28 13:32:13.799156754,101312.0
2019-06-28 13:32:14.065388077,101315.0
2019-06-28 13:32:18.048957604,101372.0
2019-06-28 13:32:36.133901594,101510.0
2019-06-28 13:32:38.378840820,101523.0
2019-06-28 13:32:38.503331998,101524.0
2019-06-28 13:32:59.466130847,100925.0
2019-06-28 13:33:06.344268756,100867.0
2019-06-28 13:33:18.972989652,100934.0
2019-06-28 13:33:43.129975661,101101.0
2019-06-28 13:34:13.545496017,101585.0
2019-06-28 13:34:39.866172262,101502.0
2019-06-28 13:34:41.556822472,101524.0
2019-06-28 13:34:44.501749220,101474.0
2019-06-28 13:35:05.277873132,101178.0
2019-06-28 13:35:27.486266439,100849.0
2019-06-28 13:35:41.403924549,100916.0
2019-06-28 13:35:45.217364361,100862.0
2019-06-28 13:35:55.045381563,100841.0
2019-06-28 13:36:20.552198925,101313.0
2019-06-28 13:36:37.208522022,101188.0
2019-06-28 13:36:42.071399555,101080.0
2019-06-28 13:36:45.282150277,101115.0
2019-06-28 13:37:41.011153139,101439.0
2019-06-28 13:37:46.511519024,101374.0
2019-06-28 13:37:48.824320610,101376.0
2019-06-28 13:38:00.935450772,101375.0
2019-06-28 13:38:05.521448268,101351.0
2019-06-28 13:38:12.913288704,101319.0
2019-06-28 13:38:17.112361103,101334.0
2019-06-28 13:38:23.541828412,101274.0
2019-06-28 13:39:29.019271030,101106.0
2019-06-28 13:39:55.501791177,100798.0
2019-06-28 13:39:59.176121219,100823.0
2019-06-28 13:40:30.708224060,100849.0
2019-06-28 13:40:42.378025656,100782.0
2019-06-28 13:40:48.879850417,100814.0
2019-06-28 13:40:50.809485400,100816.0
2019-06-28 13:40:50.958404263,100817.0
2019-06-28 13:41:06.084427170,100904.0
2019-06-28 13:41:43.423254687,100423.0
2019-06-28 13:41:50.222158764,100387.0
2019-06-28 13:42:07.084316935,100656.0
2019-06-28 13:42:18.076244846,100716.0
2019-06-28 13:42:23.402148003,100697.0
2019-06-28 13:42:44.881807679,100705.0
2019-06-28 13:42:48.012037006,100760.0
2019-06-28 13:43:12.073496185,100302.0
2019-06-28 13:43:36.010541080,100513.0
2019-06-28 13:44:20.760255615,100328.0
2019-06-28 13:44:32.865672740,100382.0
2019-06-28 13:44:43.102463555,100520.0
2019-06-28 13:45:02.056572324,100506.0
2019-06-28 13:45:11.248118582,100487.0
2019-06-28 13:45:13.120281017,100469.0
2019-06-28 13:45:21.012386210,100460.0
2019-06-28 13:45:39.924951453,100366.0
2019-06-28 13:46:01.403950480,100699.0
2019-06-28 13:46:56.560363794,100530.0
2019-06-28 13:47:05.296035229,100649.0
2019-06-28 13:47:18.786084106,100802.0
2019-06-28 13:47:19.001330676,100801.0
2019-06-28 13:47:42.897218313,100768.0
2019-06-28 13:47:45.522693284,100804.0
2019-06-28 13:47:48.839330785,100819.0
2019-06-28 13:47:51.321979276,100793.0
2019-06-28 13:47:53.176046273,100795.0
2019-06-28 13:47:59.606538475,100747.0
2019-06-28 13:48:22.412881582,101017.0
2019-06-28 13:48:26.760119982,100969.0
2019-06-28 13:48:35.131244531,100822.0
2019-06-28 13:48:48.059513907,100616.0
2019-06-28 13:48:48.944779044,100615.0
2019-06-28 13:49:04.388889795,100553.0
2019-06-28 13:49:19.034557331,100382.0
2019-06-28 13:49:20.525411336,100361.0
2019-06-28 13:49:31.991104153,100462.0
2019-06-28 13:49:51.469817558,100763.0
2019-06-28 13:50:12.749319424,100634.0
2019-06-28 13:50:45.838174110,100821.0
2019-06-28 13:50:57.105141008,100719.0
2019-06-28 13:51:00.246774080,100654.0
2019-06-28 13:51:15.681413288,100609.0
2019-06-28 13:51:16.857690331,100587.0
2019-06-28 13:51:37.141443089,100716.0
2019-06-28 13:51:40.340033452,100693.0
2019-06-28 13:51:41.017931068,100696.0
2019-06-28 13:51:47.129718871,100614.0
2019-06-28 13:52:16.463992990,100572.0
2019-06-28 13:52:34.756830409,100628.0
2019-06-28 13:52:43.835943518,100530.0
2019-06-28 13:53:09.963742434,100866.0
2019-06-28 13:53:22.150888603,101047.0
2019-06-28 13:53:30.481223037,101064.0
2019-06-28 13:53:41.812723163,100978.0
2019-06-28 13:53:46.800839190,101027.0
2019-06-28 13:54:00.656255239,100969.0
2019-06-28 13:54:35.800619464,100738.0
2019-06-28 13:54:58.022340563,100817.0
2019-06-28 13:55:00.603695052,100861.0
2019-06-28 13:55:07.819770753,100957.0
2019-06-28 13:55:16.499381052,100994.0
2019-06-28 13:55:22.896958453,100979.0
2019-06-28 13:55:56.275803252,100982.0
2019-06-28 13:56:03.769974263,100973.0
2019-06-28 13:56:08.958607144,101024.0
2019-06-28 13:56:35.587998881,100712.0
2019-06-28 13:56:57.744942590,100532.0
2019-06-28 13:56:59.485186951,100539.0
2019-06-28 13:57:09.761209421,100343.0
2019-06-28 13:57:10.724388591,100339.0
2019-06-28 13:57:25.007541508,100249.0
2019-06-28 13:58:11.122576610,99236.0
2019-06-28 13:58:19.029362278,99238.0
2019-06-28 13:58:19.484979991,99234.0
2019-06-28 13:58:31.018266164,99320.0
2019-06-28 13:58:43.002463675,99257.0
2019-06-28 13:58:51.934407852,99407.0
2019-06-28 13:59:02.244557233,99196.0
2019-06-28 13:59:06.386809905,99288.0
2019-06-28 13:59:15.840502199,99240.0
2019-06-28 13:59:22.622547991,99281.0
2019-06-28 13:59:38.170503774,99545.0
2019-06-28 13:59:40.989449156,99537.0
2019-06-28 13:59:55.935992875,99532.0
2019-06-28 13:59:59.856906448,99518.0
2019-06-28 14:00:01.294099204,99527.0
2019-06-28 14:00:15.140110144,99675.0
2019-06-28 14:00:15.922571028,99656.0
2019-06-28 14:00:16.023439685,99656.0
2019-06-28 14:00:26.169516606,99720.0
2019-06-28 14:00:27.381919969,99721.0
2019-06-28 14:00:45.180005317,99730.0
2019-06-28 14:00:56.248886580,99786.0
2019-06-28 14:01:16.526636936,99621.0
2019-06-28 14:01:23.429425305,99635.0
2019-06-28 14:01:51.161826029,99416.0
2019-06-28 14:01:53.001986558,99426.0
2019-06-28 14:02:14.907342413,99476.0
2019-06-28 14:02:25.288816155,99690.0
2019-06-28 14:02:52.229905584,99647.0
2019-06-28 14:03:02.608764731,99689.0
2019-06-28 14:03:05.417504744,99682.0
2019-06-28 14:03:09.117503416,99661.0
2019-06-28 14:03:22.580714409,99656.0
2019-06-28 14:03:42.793297835,99478.0
2019-06-28 14:03:49.532032138,99457.0
2019-06-28 14:04:07.810509864,99545.0
2019-06-28 14:04:16.623132663,99433.0
2019-06-28 14:04:32.689293798,99356.0
2019-06-28 14:04:40.300109719,99495.0
2019-06-28 14:05:14.170194527,99521.0
2019-06-28 14:05:36.744658492,99503.0
2019-06-28 14:05:37.099153511,99511.0
2019-06-28 14:05:42.006388727,99540.0
2019-06-28 14:05:45.799729857,99545.0
2019-06-28 14:05:59.193408632,99392.0
2019-06-28 14:05:59.389977976,99388.0
2019-06-28 14:06:04.068707898,99358.0
2019-06-28 14:06:08.764024456,99327.0
2019-06-28 14:06:36.073855302,99690.0
2019-06-28 14:06:44.784967445,99622.0
2019-06-28 14:06:50.956497240,99611.0
2019-06-28 14:06:58.125674089,99671.0
2019-06-28 14:06:59.759859849,99678.0
2019-06-28 14:07:15.176325118,99741.0
2019-06-28 14:07:28.087360260,99882.0
2019-06-28 14:07:43.296144077,99785.0
2019-06-28 14:08:03.520969252,99862.0
2019-06-28 14:08:28.065742031,100006.0
2019-06-28 14:08:57.994464340,100112.0
2019-06-28 14:09:15.421211933,99931.0
2019-06-28 14:09:17.364439863,99942.0
2019-06-28 14:09:19.549301363,99973.0
2019-06-28 14:09:22.798950793,99952.0
2019-06-28 14:09:59.202618231,100204.0
2019-06-28 14:10:03.550537521,100295.0
2019-06-28 14:10:25.410115830,100433.0
2019-06-28 14:10:54.789252763,100549.0
2019-06-28 14:10:57.336345207,100518.0
2019-06-28 14:11:03.274605956,100505.0
2019-06-28 14:11:15.395225628,100474.0
2019-06-28 14:11:34.210876716,100536.0
2019-06-28 14:11:46.496545766,100712.0
2019-06-28 14:12:02.321526152,100786.0
2019-06-28 14:12:15.831274506,100847.0
2019-06-28 14:12:23.584815134,100937.0
2019-06-28 14:12:27.966341857,100879.0
2019-06-28 14:12:32.503864219,100890.0
2019-06-28 14:14:26.392773320,100752.0
2019-06-28 14:14:29.984280431,100719.0
2019-06-28 14:14:49.462100626,100733.0
2019-06-28 14:15:43.088381266,101369.0
2019-06-28 14:15:54.143969967,101157.0
2019-06-28 14:16:17.401001623,101196.0
2019-06-28 14:16:32.283563425,101106.0
2019-06-28 14:16:34.895099338,101064.0
2019-06-28 14:16:48.731868900,101266.0
2019-06-28 14:17:35.923491804,100530.0
2019-06-28 14:17:48.146951847,100574.0
2019-06-28 14:17:52.255665128,100521.0
2019-06-28 14:18:05.222230054,100438.0
2019-06-28 14:18:27.583650151,100349.0
2019-06-28 14:18:39.538010846,100495.0
2019-06-28 14:18:49.628054201,100332.0
2019-06-28 14:19:08.947472589,100329.0
2019-06-28 14:19:20.200719315,100236.0
2019-06-28 14:19:27.175477270,100264.0
2019-06-28 14:19:29.713698747,100234.0
2019-06-28 14:19:30.174323272,100237.0
2019-06-28 14:19:32.121800920,100256.0
2019-06-28 14:19:50.343758338,100247.0
2019-06-28 14:20:01.882161346,100303.0
2019-06-28 14:20:06.729014633,100337.0
2019-06-28 14:20:17.944845013,100398.0
2019-06-28 14:20:21.446840101,100393.0
2019-06-28 14:20:22.630132670,100381.0
2019-06-28 14:20:40.943357911,100090.0
2019-06-28 14:20:44.118055100,100104.0
2019-06-28 14:21:06.604684075,100389.0
2019-06-28 14:21:20.339338950,100663.0
2019-06-28 14:21:21.602247289,100656.0
2019-06-28 14:21:41.735256177,100763.0
2019-06-28 14:22:08.816060301,100866.0
2019-06-28 14:22:17.217006088,100674.0
2019-06-28 14:22:27.156040158,100474.0
2019-06-28 14:22:40.247574411,100340.0
2019-06-28 14:22:55.458415338,100182.0
2019-06-28 14:23:41.494129047,99562.0
2019-06-28 14:23:45.529636445,99590.0
2019-06-28 14:23:48.484582253,99628.0
2019-06-28 14:23:51.461176711,99685.0
2019-06-28 14:24:06.433607393,99654.0
2019-06-28 14:24:11.937480780,99592.0
2019-06-28 14:24:12.669777264,99588.0
2019-06-28 14:24:29.600929045,99741.0
2019-06-28 14:24:48.706715656,99847.0
2019-06-28 14:25:21.710993873,99997.0
2019-06-28 14:25:43.165749998,100032.0
2019-06-28 14:26:01.657668857,100084.0
2019-06-28 14:26:04.991895934,100057.0
2019-06-28 14:26:28.644774080,99924.0
2019-06-28 14:26:44.186562166,100152.0
2019-06-28 14:26:47.135579348,100141.0
2019-06-28 14:26:59.957921890,100176.0
2019-06-28 14:27:13.336792996,100436.0
2019-06-28 14:27:23.422560216,100422.0
2019-06-28 14:27:24.920486827,100423.0
2019-06-28 14:27:32.082035554,100293.0
2019-06-28 14:27:48.918192306,100556.0
2019-06-28 14:28:11.955861904,100826.0
2019-06-28 14:28:43.240528065,100535.0
2019-06-28 14:28:59.435196060,100421.0
2019-06-28 14:29:05.140173328,100362.0
2019-06-28 14:29:42.684780765,100168.0
2019-06-28 14:30:15.268666689,100106.0
2019-06-28 14:30:31.729048399,100107.0
2019-06-28 14:30:34.011274584,100106.0
2019-06-28 14:30:42.420567363,100160.0
2019-06-28 14:30:43.971498113,100178.0
2019-06-28 14:31:09.149455433,100438.0
2019-06-28 14:31:13.678220782,100397.0
2019-06-28 14:31:31.869758979,100533.0
2019-06-28 14:31:34.716441167,100521.0
2019-06-28 14:31:50.627062095,100471.0
2019-06-28 14:31:51.675166218,100476.0
2019-06-28 14:32:04.682982465,100480.0
2019-06-28 14:32:05.844459275,100484.0
2019-06-28 14:32:46.908823912,100315.0
2019-06-28 14:32:47.660473598,100317.0
2019-06-28 14:33:59.408364214,100941.0
2019-06-28 14:34:00.004080441,100954.0
2019-06-28 14:34:02.282059862,100936.0
2019-06-28 14:34:10.299359673,100981.0
2019-06-28 14:34:27.276929594,101071.0
2019-06-28 14:34:36.871524917,101018.0
2019-06-28 14:34:37.702763811,100997.0
2019-06-28 14:35:13.943833949,100913.0
2019-06-28 14:35:22.525496838,100762.0
2019-06-28 14:35:24.250376362,100743.0
2019-06-28 14:35:45.591039262,100651.0
2019-06-28 14:35:54.399609222,100661.0
2019-06-28 14:35:56.892297107,100674.0
2019-06-28 14:35:58.870237006,100670.0
2019-06-28 14:36:15.822547099,100616.0
2019-06-28 14:36:19.866740046,100545.0
2019-06-28 14:36:47.904529216,100339.0
2019-06-28 14:36:50.933123635,100324.0
2019-06-28 14:37:09.934433028,100084.0
2019-06-28 14:37:10.275500275,100083.0
2019-06-28 14:37:25.478262023,99935.0
2019-06-28 14:37:29.102613221,99934.0
2019-06-28 14:37:34.628339838,99973.0
2019-06-28 14:37:50.264686458,100036.0
2019-06-28 14:38:09.783515086,99857.0
2019-06-28 14:38:24.311602953,99710.0
2019-06-28 14:39:01.612759118,99805.0
2019-06-28 14:39:30.845738606,99900.0
2019-06-28 14:39:35.358611492,99893.0
2019-06-28 14:39:38.923521588,99858.0
2019-06-28 14:40:04.045746415,100054.0
2019-06-28 14:40:24.822619482,99912.0
2019-06-28 14:40:27.311721196,99862.0
2019-06-28 14:40:27.727645955,99858.0
2019-06-28 14:40:39.855964998,99711.0
2019-06-28 14:40:47.443472589,99664.0
2019-06-28 14:40:51.305273670,99674.0
2019-06-28 14:41:17.036996289,99760.0
2019-06-28 14:41:17.205088237,99760.0
2019-06-28 14:41:39.382214306,99944.0
2019-06-28 14:41:42.963880821,99896.0
2019-06-28 14:41:51.908360692,100002.0
2019-06-28 14:41:53.320794577,100030.0
2019-06-28 14:42:26.697254826,100335.0
2019-06-28 14:42:51.186199388,100186.0
2019-06-28 14:43:16.481233182,99976.0
2019-06-28 14:43:43.082692701,99769.0
2019-06-28 14:44:10.584101607,99934.0
2019-06-28 14:44:11.482002208,99934.0
2019-06-28 14:44:17.708056062,99844.0
2019-06-28 14:44:43.333753086,99896.0
2019-06-28 14:44:44.237261606,99912.0
2019-06-28 14:44:49.887044613,99899.0
2019-06-28 14:45:01.343761210,99832.0
2019-06-28 14:45:01.593619102,99836.0
2019-06-28 14:45:01.851628275,99837.0
2019-06-28 14:45:22.744009774,99682.0
2019-06-28 14:45:50.235182403,99932.0
2019-06-28 14:46:04.992260677,99987.0
2019-06-28 14:46:13.573888032,99946.0
2019-06-28 14:46:41.325172651,99698.0
2019-06-28 14:46:43.536979476,99717.0
2019-06-28 14:46:53.953681219,99583.0
2019-06-28 14:47:07.971876619,99401.0
2019-06-28 14:47:19.959799808,99416.0
2019-06-28 14:47:54.350779354,99384.0
2019-06-28 14:48:08.918709065,99572.0
2019-06-28 14:48:24.757176819,99633.0
2019-06-28 14:48:41.377448548,100039.0
2019-06-28 14:48:41.721782203,100038.0
2019-06-28 14:48:42.182403917,100034.0
2019-06-28 14:48:53.317015066,99846.0
2019-06-28 14:48:56.338975099,99870.0
2019-06-28 14:48:57.638213808,99874.0
2019-06-28 14:49:09.334363738,99984.0
2019-06-28 14:49:10.537193883,99998.0
2019-06-28 14:49:18.594182192,99915.0
2019-06-28 14:49:23.090956874,99905.0
2019-06-28 14:49:32.892883341,99876.0
2019-06-28 14:49:56.450998042,99827.0
2019-06-28 14:50:21.597946953,99920.0
2019-06-28 14:50:26.481200145,100016.0
2019-06-28 14:50:43.228992411,100115.0
2019-06-28 14:51:14.169712176,100174.0
2019-06-28 14:51:37.693600586,100437.0
2019-06-28 14:51:48.954706719,100174.0
2019-06-28 14:51:50.383188141,100178.0
2019-06-28 14:51:55.290211276,100274.0
2019-06-28 14:52:09.429821621,100331.0
2019-06-28 14:52:22.225053468,100431.0
2019-06-28 14:52:44.751740564,100336.0
2019-06-28 14:52:59.109499791,100274.0
2019-06-28 14:53:12.990387498,100024.0
2019-06-28 14:53:48.088607305,100174.0
2019-06-28 14:53:48.822387751,100168.0
2019-06-28 14:53:49.003406641,100169.0
2019-06-28 14:53:51.283540930,100191.0
2019-06-28 14:54:16.322627540,99875.0
2019-06-28 14:54:16.739724319,99876.0
2019-06-28 14:54:19.642534824,99848.0
2019-06-28 14:54:39.418918828,99631.0
2019-06-28 14:54:45.011000639,99678.0
2019-06-28 14:54:45.882827480,99673.0
2019-06-28 14:55:07.883949558,99485.0
2019-06-28 14:55:10.765670631,99519.0
2019-06-28 14:55:16.721246253,99534.0
2019-06-28 14:55:22.382566360,99634.0
2019-06-28 14:55:22.875967111,99635.0
2019-06-28 14:55:56.942508951,99719.0
2019-06-28 14:55:58.105482613,99713.0
2019-06-28 14:55:59.412515128,99700.0
2019-06-28 14:56:10.923120476,99762.0
2019-06-28 14:56:14.555382538,99735.0
2019-06-28 14:56:17.700493041,99746.0
2019-06-28 14:56:21.846898242,99716.0
2019-06-28 14:56:48.582123094,99917.0
2019-06-28 14:57:15.164460486,99797.0
2019-06-28 14:57:17.095120676,99769.0
2019-06-28 14:57:33.372458308,99961.0
2019-06-28 14:58:03.151063423,99938.0
2019-06-28 14:58:40.347740727,99713.0
2019-06-28 14:58:41.332860198,99724.0
2019-06-28 14:58:47.004701915,99615.0
2019-06-28 14:58:53.060869989,99567.0
2019-06-28 14:58:55.334848427,99609.0
2019-06-28 14:58:58.769407774,99596.0
2019-06-28 14:59:00.323374441,99580.0
2019-06-28 14:59:25.041702545,99560.0
2019-06-28 14:59:26.589951358,99560.0
2019-06-28 14:59:48.859145620,99760.0
2019-06-28 15:00:08.909706150,99643.0
2019-06-28 15:00:09.416810206,99643.0
2019-06-28 15:00:26.607669121,99872.0
2019-06-28 15:00:40.534378364,99931.0
2019-06-28 15:00:54.778881639,99961.0
2019-06-28 15:01:33.510934197,99237.0
2019-06-28 15:01:47.677983767,99159.0
2019-06-28 15:01:58.227187187,99154.0
2019-06-28 15:02:33.724229967,99626.0
2019-06-28 15:02:39.229037546,99486.0
2019-06-28 15:02:59.251784299,99542.0
2019-06-28 15:03:11.674399247,99586.0
2019-06-28 15:03:24.126305703,99595.0
2019-06-28 15:03:25.942853822,99593.0
2019-06-28 15:03:35.301823811,99559.0
2019-06-28 15:03:37.133917125,99590.0
2019-06-28 15:03:48.571342279,99465.0
2019-06-28 15:03:54.069676748,99416.0
2019-06-28 15:03:54.510652170,99416.0
2019-06-28 15:03:59.492764992,99476.0
2019-06-28 15:04:06.117265677,99468.0
2019-06-28 15:04:18.387189047,99451.0
2019-06-28 15:05:02.486766694,100033.0
2019-06-28 15:06:06.666890535,99790.0
2019-06-28 15:06:14.025017938,99646.0
2019-06-28 15:06:37.715725869,99752.0
2019-06-28 15:06:44.594984066,99730.0
2019-06-28 15:06:57.351550037,99712.0
2019-06-28 15:07:01.846766358,99745.0
2019-06-28 15:07:13.324167813,99630.0
2019-06-28 15:07:16.185467255,99628.0
2019-06-28 15:07:18.443420761,99596.0
2019-06-28 15:08:07.567490343,100022.0
2019-06-28 15:08:11.079063600,99972.0
2019-06-28 15:08:23.734694737,99972.0
2019-06-28 15:08:24.302044144,99971.0
2019-06-28 15:08:27.714168415,99995.0
2019-06-28 15:08:41.863501195,100038.0
2019-06-28 15:09:12.924022788,100520.0
2019-06-28 15:09:17.510585487,100567.0
2019-06-28 15:09:29.856686406,100469.0
2019-06-28 15:09:40.771334342,100442.0
2019-06-28 15:09:51.618258034,100489.0
2019-06-28 15:10:01.294615193,100475.0
2019-06-28 15:10:48.970202603,99682.0
2019-06-28 15:10:55.845691468,99620.0
2019-06-28 15:10:56.800253862,99617.0
2019-06-28 15:11:01.051546746,99665.0
2019-06-28 15:11:01.206215200,99665.0
2019-06-28 15:11:29.034779395,99651.0
2019-06-28 15:11:30.786528585,99635.0
2019-06-28 15:11:32.063277124,99641.0
2019-06-28 15:11:35.742383046,99629.0
2019-06-28 15:11:57.704207949,100082.0
2019-06-28 15:12:08.211272766,99922.0
2019-06-28 15:12:24.275637256,99843.0
2019-06-28 15:12:43.587290942,99549.0
2019-06-28 15:12:49.854208685,99651.0
2019-06-28 15:13:02.895773350,99776.0
2019-06-28 15:13:24.276162196,99920.0
2019-06-28 15:13:30.220161704,100041.0
2019-06-28 15:14:10.587135124,99994.0
2019-06-28 15:14:18.234667018,100108.0
2019-06-28 15:14:19.720995870,100077.0
2019-06-28 15:14:20.992161664,100072.0
2019-06-28 15:14:47.801460295,99863.0
2019-06-28 15:14:48.975055065,99862.0
2019-06-28 15:14:53.058198753,99878.0
2019-06-28 15:14:54.862153516,99854.0
2019-06-28 15:15:31.940091464,99535.0
2019-06-28 15:16:03.553887258,99557.0
2019-06-28 15:16:58.637464556,99940.0
2019-06-28 15:17:00.078392710,99931.0
2019-06-28 15:17:26.880684971,100132.0
2019-06-28 15:17:27.370007845,100135.0
2019-06-28 15:17:47.509077545,100068.0
2019-06-28 15:18:22.665255643,100015.0
2019-06-28 15:18:40.573620487,99954.0
2019-06-28 15:18:42.980809393,99939.0
2019-06-28 15:18:45.979043376,99940.0
2019-06-28 15:18:50.837309776,99971.0
2019-06-28 15:18:58.834602624,99889.0
2019-06-28 15:19:04.638795666,99944.0
2019-06-28 15:19:06.031011936,99936.0
2019-06-28 15:19:17.805258289,99893.0
2019-06-28 15:19:18.837930005,99898.0
2019-06-28 15:19:27.798881829,99978.0
2019-06-28 15:19:30.709765447,99986.0
2019-06-28 15:19:36.613176091,99853.0
2019-06-28 15:19:40.932061914,99792.0
2019-06-28 15:19:41.718748565,99794.0
2019-06-28 15:19:45.513673618,99825.0
2019-06-28 15:19:59.228485215,99671.0
2019-06-28 15:20:08.070473295,99741.0
2019-06-28 15:20:35.903689260,100206.0
2019-06-28 15:20:36.447873892,100206.0
2019-06-28 15:20:37.426480256,100204.0
2019-06-28 15:20:45.706244949,100333.0
2019-06-28 15:21:07.494639766,100343.0
2019-06-28 15:21:11.699841972,100336.0
2019-06-28 15:21:16.140405780,100322.0
2019-06-28 15:21:38.808167067,99927.0
2019-06-28 15:21:42.573350157,99948.0
2019-06-28 15:21:47.686979062,99843.0
2019-06-28 15:22:06.758178697,100096.0
2019-06-28 15:22:52.559700514,99827.0
2019-06-28 15:22:57.782801327,99806.0
2019-06-28 15:23:03.056505601,99849.0
2019-06-28 15:23:08.702960649,99784.0
2019-06-28 15:23:17.006160844,99822.0
2019-06-28 15:23:34.518510149,99944.0
2019-06-28 15:23:36.691320362,99942.0
2019-06-28 15:23:54.414261578,99897.0
2019-06-28 15:23:59.582768871,99948.0
2019-06-28 15:24:45.215421572,99178.0
2019-06-28 15:24:49.777511957,99109.0
2019-06-28 15:24:52.444807781,99140.0
2019-06-28 15:25:20.943914393,99026.0
2019-06-28 15:25:25.928164404,99036.0
2019-06-28 15:25:31.017861200,98983.0
2019-06-28 15:25:36.926656115,98944.0
2019-06-28 15:25:50.441657882,99082.0
2019-06-28 15:25:51.790163193,99077.0
2019-06-28 15:25:59.669398591,99233.0
2019-06-28 15:26:13.619352015,99481.0
2019-06-28 15:26:25.533488796,99427.0
2019-06-28 15:26:49.504514436,99578.0
2019-06-28 15:27:10.905100432,99346.0
2019-06-28 15:27:21.816925884,99545.0
2019-06-28 15:27:26.983615930,99514.0
2019-06-28 15:27:37.366250602,99605.0
2019-06-28 15:28:21.059397820,99169.0
2019-06-28 15:28:24.573252802,99148.0
2019-06-28 15:28:34.011040988,99192.0
2019-06-28 15:28:41.321800149,99179.0
2019-06-28 15:28:42.775390038,99199.0
2019-06-28 15:28:56.341264136,99365.0
2019-06-28 15:29:08.678349190,99403.0
2019-06-28 15:29:31.307383942,99543.0
2019-06-28 15:29:31.436249621,99543.0
2019-06-28 15:29:36.839871262,99558.0
2019-06-28 15:29:40.323701197,99544.0
2019-06-28 15:29:52.670743113,99463.0
2019-06-28 15:30:45.992454505,98886.0
2019-06-28 15:30:48.585805185,98856.0
2019-06-28 15:31:16.892322953,99206.0
2019-06-28 15:31:42.958610123,99143.0
2019-06-28 15:31:49.361931236,99223.0
2019-06-28 15:32:17.487377351,99142.0
2019-06-28 15:32:31.690349426,99385.0
2019-06-28 15:32:58.057603618,99505.0
2019-06-28 15:33:03.064444643,99519.0
2019-06-28 15:33:03.088323186,99519.0
2019-06-28 15:33:27.755403562,99865.0
2019-06-28 15:33:45.260114681,99549.0
2019-06-28 15:34:02.278011277,99677.0
2019-06-28 15:34:04.203896331,99680.0
2019-06-28 15:34:29.408063087,99593.0
2019-06-28 15:34:31.175579111,99593.0
2019-06-28 15:34:33.047456782,99576.0
2019-06-28 15:34:47.984204301,99585.0
2019-06-28 15:35:04.570630687,99264.0
2019-06-28 15:35:12.199177982,99429.0
2019-06-28 15:35:29.493184324,99561.0
2019-06-28 15:35:37.502102587,99604.0
2019-06-28 15:35:40.642794239,99626.0
2019-06-28 15:35:43.833392849,99651.0
2019-06-28 15:36:05.583088252,99444.0
2019-06-28 15:36:16.961322491,99468.0
2019-06-28 15:36:21.535701545,99564.0
2019-06-28 15:36:37.772164262,99479.0
2019-06-28 15:36:40.208629628,99448.0
2019-06-28 15:36:54.468324976,99499.0
2019-06-28 15:37:19.024598087,99626.0
2019-06-28 15:37:22.818076589,99621.0
2019-06-28 15:37:27.748992582,99644.0
2019-06-28 15:37:34.629548359,99594.0
2019-06-28 15:38:13.112008802,99481.0
2019-06-28 15:38:16.949573420,99475.0
2019-06-28 15:38:30.935759780,99411.0
2019-06-28 15:39:02.848819777,99496.0
2019-06-28 15:39:42.153335392,99590.0
2019-06-28 15:39:46.230448004,99594.0
2019-06-28 15:40:28.659874523,100233.0
2019-06-28 15:40:34.779804536,100277.0
2019-06-28 15:40:45.536950248,100191.0
2019-06-28 15:41:09.927944295,99985.0
2019-06-28 15:41:50.224458161,99875.0
2019-06-28 15:41:56.023168732,99870.0
2019-06-28 15:42:02.095606227,99789.0
2019-06-28 15:42:02.510668979,99784.0
2019-06-28 15:42:12.391842538,99856.0
2019-06-28 15:42:55.408184706,99558.0
2019-06-28 15:43:14.471320026,99393.0
2019-06-28 15:43:50.221914576,99325.0
2019-06-28 15:43:53.052301140,99349.0
2019-06-28 15:43:53.768236148,99338.0
2019-06-28 15:44:05.501925303,99432.0
2019-06-28 15:44:06.083401835,99426.0
2019-06-28 15:44:23.217380242,99447.0
2019-06-28 15:44:25.266356061,99453.0
2019-06-28 15:44:34.580183798,99580.0
2019-06-28 15:44:47.821854276,99613.0
2019-06-28 15:45:19.957337966,100171.0
2019-06-28 15:45:47.260731607,100059.0
2019-06-28 15:45:55.664630908,100104.0
2019-06-28 15:45:57.203235575,100101.0
2019-06-28 15:45:59.805489997,100093.0
2019-06-28 15:46:14.569663238,100010.0
2019-06-28 15:46:16.864071538,100022.0
2019-06-28 15:46:46.656725524,99848.0
2019-06-28 15:46:47.036807578,99843.0
2019-06-28 15:46:56.270759389,99884.0
2019-06-28 15:46:56.428789263,99884.0
2019-06-28 15:47:12.401941877,99983.0
2019-06-28 15:47:17.249269875,100017.0
2019-06-28 15:47:24.142706987,99945.0
2019-06-28 15:47:25.330742232,99949.0
2019-06-28 15:47:48.519324975,99521.0
2019-06-28 15:48:02.504327296,99425.0
2019-06-28 15:48:10.184594544,99443.0
2019-06-28 15:48:19.330741428,99439.0
2019-06-28 15:48:24.022893400,99411.0
2019-06-28 15:49:02.861489877,99373.0
2019-06-28 15:49:05.704003973,99391.0
2019-06-28 15:49:40.899211762,99516.0
2019-06-28 15:49:47.058141126,99440.0
2019-06-28 15:50:31.658342655,99610.0
2019-06-28 15:50:40.903194399,99725.0
2019-06-28 15:51:20.211988794,99842.0
2019-06-28 15:51:24.963384226,99835.0
2019-06-28 15:51:36.703066837,99899.0
2019-06-28 15:51:55.844453188,99924.0
2019-06-28 15:52:13.411285314,100047.0
2019-06-28 15:52:17.229046302,100032.0
2019-06-28 15:52:46.047244339,99542.0
2019-06-28 15:53:01.370751682,99706.0
2019-06-28 15:53:26.886783224,99340.0
2019-06-28 15:53:33.002718298,99409.0
2019-06-28 15:53:44.618320380,99589.0
2019-06-28 15:54:04.455663549,99682.0
2019-06-28 15:54:16.960627669,99501.0
2019-06-28 15:54:19.617803405,99495.0
2019-06-28 15:54:34.472451584,99643.0
2019-06-28 15:54:43.898800907,99632.0
2019-06-28 15:54:53.057229951,99655.0
2019-06-28 15:54:57.669301666,99705.0
2019-06-28 15:55:13.926861538,99607.0
2019-06-28 15:55:35.479640335,100599.0
2019-06-28 15:55:37.474133828,100625.0
2019-06-28 15:55:44.868314040,100595.0
2019-06-28 15:55:49.351752897,100620.0
2019-06-28 15:55:49.518026764,100620.0
2019-06-28 15:55:56.660918469,100639.0
2019-06-28 15:56:12.591545058,100477.0
2019-06-28 15:56:18.711176087,100516.0
2019-06-28 15:56:40.543263528,100405.0
2019-06-28 15:56:46.861595799,100327.0
2019-06-28 15:57:26.038314549,100166.0
2019-06-28 15:57:46.206411540,100101.0
2019-06-28 15:57:48.675654418,100135.0
2019-06-28 15:58:03.219043437,100235.0
2019-06-28 15:58:03.952081983,100228.0
2019-06-28 15:58:27.366022736,99922.0
2019-06-28 15:58:40.198944312,99723.0
2019-06-28 15:58:44.278083428,99760.0
2019-06-28 15:58:55.247389968,99622.0
2019-06-28 15:58:55.334594752,99621.0
2019-06-28 15:59:56.697600457,100137.0
2019-06-28 15:59:59.999999999,100044.0
